-- Theater Data
INSERT INTO theater (id, name, create_at, modify_at)
VALUES
    (1, '상영관 1관', CURRENT_TIMESTAMP(), CURRENT_TIMESTAMP()),
    (2, '상영관 2관', CURRENT_TIMESTAMP(), CURRENT_TIMESTAMP()),
    (3, '상영관 3관', CURRENT_TIMESTAMP(), CURRENT_TIMESTAMP()),
    (4, '상영관 4관', CURRENT_TIMESTAMP(), CURRENT_TIMESTAMP()),
    (5, '상영관 5관', CURRENT_TIMESTAMP(), CURRENT_TIMESTAMP()),
    (6, '상영관 6관', CURRENT_TIMESTAMP(), CURRENT_TIMESTAMP()),
    (7, '상영관 7관', CURRENT_TIMESTAMP(), CURRENT_TIMESTAMP()),
    (8, '상영관 8관', CURRENT_TIMESTAMP(), CURRENT_TIMESTAMP()),
    (9, '상영관 9관', CURRENT_TIMESTAMP(), CURRENT_TIMESTAMP()),
    (10, '상영관 10관', CURRENT_TIMESTAMP(), CURRENT_TIMESTAMP());

-- Movie Data
INSERT INTO movie (id, name, thumbnail, genre, grade, release_date, running_time, create_at, modify_at)
VALUES
    (1, '범죄도시', NULL, 'ACTION', 'FROM_15_AGE', DATEADD('DAY', -30, CURRENT_DATE()), 120, CURRENT_TIMESTAMP(), CURRENT_TIMESTAMP()), --30일 전 개봉
    (2, '파일럿', NULL, 'SF', 'FROM_12_AGE', DATEADD('DAY', -15, CURRENT_DATE()), 135, CURRENT_TIMESTAMP(), CURRENT_TIMESTAMP()), --15일 전 개봉
    (3, '기생충', NULL, 'ROMANCE', 'FROM_15_AGE', DATEADD('DAY', -10, CURRENT_DATE()), 132, CURRENT_TIMESTAMP(), CURRENT_TIMESTAMP()), --10일 전 개봉
    (4, '인셉션', NULL, 'SF', 'FROM_15_AGE', DATEADD('DAY', -100, CURRENT_DATE()), 148, CURRENT_TIMESTAMP(), CURRENT_TIMESTAMP()), --100일 전 개봉
    (5, '어벤져스: 엔드게임', NULL, 'ACTION', 'FROM_12_AGE', DATEADD('DAY', 100, CURRENT_DATE()), 181, CURRENT_TIMESTAMP(), CURRENT_TIMESTAMP()); --100일 후 개봉

-- Screening Data
-- 범죄도시 상영 스케줄 (종료)
INSERT INTO screening (id, movie_id, theater_id, start_at, end_at, create_at, modify_at)
VALUES
    (1, 1, 1, TIMESTAMPADD(HOUR, 12, DATEADD('DAY', -30, CURRENT_DATE())), TIMESTAMPADD(HOUR, 14, DATEADD('DAY', -30, CURRENT_DATE())), CURRENT_TIMESTAMP(), CURRENT_TIMESTAMP()),
    (2, 1, 2, TIMESTAMPADD(HOUR, 14, DATEADD('DAY', -30, CURRENT_DATE())), TIMESTAMPADD(HOUR, 16, DATEADD('DAY', -30, CURRENT_DATE())), CURRENT_TIMESTAMP(), CURRENT_TIMESTAMP()),
    (3, 1, 3, TIMESTAMPADD(HOUR, 15, DATEADD('DAY', -30, CURRENT_DATE())), TIMESTAMPADD(HOUR, 17, DATEADD('DAY', -30, CURRENT_DATE())), CURRENT_TIMESTAMP(), CURRENT_TIMESTAMP()),
    (4, 1, 4, TIMESTAMPADD(HOUR, 17, DATEADD('DAY', -30, CURRENT_DATE())), TIMESTAMPADD(HOUR, 19, DATEADD('DAY', -30, CURRENT_DATE())), CURRENT_TIMESTAMP(), CURRENT_TIMESTAMP()),
    (5, 1, 5, TIMESTAMPADD(HOUR, 36, DATEADD('DAY', -30, CURRENT_DATE())), TIMESTAMPADD(HOUR, 38, DATEADD('DAY', -30, CURRENT_DATE())), CURRENT_TIMESTAMP(), CURRENT_TIMESTAMP());

-- 파일럿 상영 스케줄 (진행)
INSERT INTO screening (id, movie_id, theater_id, start_at, end_at, create_at, modify_at)
VALUES
    (6, 2, 2, TIMESTAMPADD(HOUR, -12, CURRENT_TIMESTAMP()), TIMESTAMPADD(HOUR, -10, CURRENT_TIMESTAMP()), CURRENT_TIMESTAMP(), CURRENT_TIMESTAMP()),
    (7, 2, 3, TIMESTAMPADD(HOUR, 14, CURRENT_TIMESTAMP()), TIMESTAMPADD(HOUR, 16, CURRENT_TIMESTAMP()), CURRENT_TIMESTAMP(), CURRENT_TIMESTAMP()),
    (8, 2, 4, TIMESTAMPADD(HOUR, 15, CURRENT_TIMESTAMP()), TIMESTAMPADD(HOUR, 17, CURRENT_TIMESTAMP()), CURRENT_TIMESTAMP(), CURRENT_TIMESTAMP()),
    (9, 2, 5, TIMESTAMPADD(HOUR, 17, CURRENT_TIMESTAMP()), TIMESTAMPADD(HOUR, 19, CURRENT_TIMESTAMP()), CURRENT_TIMESTAMP(), CURRENT_TIMESTAMP()),
    (10, 2, 6, TIMESTAMPADD(HOUR, 36, CURRENT_TIMESTAMP()), TIMESTAMPADD(HOUR, 38, CURRENT_TIMESTAMP()), CURRENT_TIMESTAMP(), CURRENT_TIMESTAMP());

-- 기생충 상영 스케줄 (진행)
INSERT INTO screening (id, movie_id, theater_id, start_at, end_at, create_at, modify_at)
VALUES
    (11, 3, 3, TIMESTAMPADD(HOUR, -10, CURRENT_TIMESTAMP()), TIMESTAMPADD(HOUR, -8, CURRENT_TIMESTAMP()), CURRENT_TIMESTAMP(), CURRENT_TIMESTAMP()),
    (12, 3, 4, TIMESTAMPADD(HOUR, 13, CURRENT_TIMESTAMP()), TIMESTAMPADD(HOUR, 15, CURRENT_TIMESTAMP()), CURRENT_TIMESTAMP(), CURRENT_TIMESTAMP()),
    (13, 3, 5, TIMESTAMPADD(HOUR, 14, CURRENT_TIMESTAMP()), TIMESTAMPADD(HOUR, 16, CURRENT_TIMESTAMP()), CURRENT_TIMESTAMP(), CURRENT_TIMESTAMP()),
    (14, 3, 6, TIMESTAMPADD(HOUR, 18, CURRENT_TIMESTAMP()), TIMESTAMPADD(HOUR, 20, CURRENT_TIMESTAMP()), CURRENT_TIMESTAMP(), CURRENT_TIMESTAMP()),
    (15, 3, 7, TIMESTAMPADD(HOUR, 20, CURRENT_TIMESTAMP()), TIMESTAMPADD(HOUR, 22, CURRENT_TIMESTAMP()), CURRENT_TIMESTAMP(), CURRENT_TIMESTAMP());

-- 인셉션 상영 스케줄 (종료)
INSERT INTO screening (id, movie_id, theater_id, start_at, end_at, create_at, modify_at)
VALUES
    (16, 4, 4, TIMESTAMPADD(HOUR, 10, DATEADD('DAY', -100, CURRENT_DATE())), TIMESTAMPADD(HOUR, 12, DATEADD('DAY', -100, CURRENT_DATE())), CURRENT_TIMESTAMP(), CURRENT_TIMESTAMP()),
    (17, 4, 5, TIMESTAMPADD(HOUR, 13, DATEADD('DAY', -100, CURRENT_DATE())), TIMESTAMPADD(HOUR, 15, DATEADD('DAY', -100, CURRENT_DATE())), CURRENT_TIMESTAMP(), CURRENT_TIMESTAMP()),
    (18, 4, 6, TIMESTAMPADD(HOUR, 14, DATEADD('DAY', -100, CURRENT_DATE())), TIMESTAMPADD(HOUR, 16, DATEADD('DAY', -100, CURRENT_DATE())), CURRENT_TIMESTAMP(), CURRENT_TIMESTAMP());
