use movie;

INSERT INTO `theater` (`theater_id`, `theater_name`, `created_at`, `updated_at`, `created_author`, `updated_author`)
VALUES
    (1, 'CGV 강남', NOW(), NOW(), 0, 0),
    (2, '롯데시네마 월드타워', NOW(), NOW(), 0, 0),
    (3, '메가박스 코엑스', NOW(), NOW(), 0, 0),
    (4, 'CGV 용산아이파크몰', NOW(), NOW(), 0, 0),
    (5, '롯데시네마 건대입구', NOW(), NOW(), 0, 0),
    (6, '메가박스 홍대', NOW(), NOW(), 0, 0),
    (7, 'CGV 왕십리', NOW(), NOW(), 0, 0),
    (8, '롯데시네마 수원', NOW(), NOW(), 0, 0),
    (9, '메가박스 판교', NOW(), NOW(), 0, 0),
    (10, 'CGV 서면', NOW(), NOW(), 0, 0);

INSERT INTO `movie` (`movie_id`, `movie_name`, `movie_grade`, `movie_release_at`, `movie_image_url`, `running_time_minutes`, `movie_genre`, `created_at`, `updated_at`, `created_author`, `updated_author`)
VALUES
    (1, '기생충', 'S', '2019-05-30 00:00:00', 'http://example.com/image1.jpg', 132, 'COMEDY', NOW(), NOW(), 0, 0),
    (2, '어벤져스: 엔드게임', 'A', '2019-04-24 00:00:00', 'http://example.com/image2.jpg', 181, 'ACTION', NOW(), NOW(), 0, 0),
    (3, '알라딘', 'B', '2019-05-23 00:00:00', 'http://example.com/image3.jpg', 128, 'FANTASY', NOW(), NOW(), 0, 0),
    (4, '겨울왕국 2', 'A', '2019-11-21 00:00:00', 'http://example.com/image4.jpg', 103, 'ANIMATION', NOW(), NOW(), 0, 0),
    (5, '해리 포터와 마법사의 돌', 'S', '2001-12-14 00:00:00', 'http://example.com/image5.jpg', 152, 'FANTASY', NOW(), NOW(), 0, 0),
    (6, '극한직업', 'A', '2019-01-23 00:00:00', 'http://example.com/image6.jpg', 111, 'COMEDY', NOW(), NOW(), 0, 0),
    (7, '명량', 'C', '2014-07-30 00:00:00', 'http://example.com/image7.jpg', 128, 'ACTION', NOW(), NOW(), 0, 0),
    (8, '신과함께: 죄와 벌', 'B', '2017-12-20 00:00:00', 'http://example.com/image8.jpg', 139, 'FANTASY', NOW(), NOW(), 0, 0),
    (9, '부산행', 'A', '2016-07-20 00:00:00', 'http://example.com/image9.jpg', 118, 'ACTION', NOW(), NOW(), 0, 0),
    (10, '라이온 킹', 'C', '1994-07-08 00:00:00', 'http://example.com/image10.jpg', 88, 'ANIMATION', NOW(), NOW(), 0, 0),
    (11, '범죄도시', 'A', '2017-10-03 00:00:00', 'http://example.com/image11.jpg', 121, 'ACTION', NOW(), NOW(), 0, 0),
    (12, '인사이드 아웃', 'S', '2015-06-19 00:00:00', 'http://example.com/image12.jpg', 95, 'ANIMATION', NOW(), NOW(), 0, 0),
    (13, '라라랜드', 'B', '2016-12-07 00:00:00', 'http://example.com/image13.jpg', 128, 'ROMANCE', NOW(), NOW(), 0, 0),
    (14, '알포인트', 'C', '2004-08-20 00:00:00', 'http://example.com/image14.jpg', 107, 'ACTION', NOW(), NOW(), 0, 0),
    (15, '히트맨', 'B', '2020-01-22 00:00:00', 'http://example.com/image15.jpg', 110, 'COMEDY', NOW(), NOW(), 0, 0),
    (16, '코코', 'S', '2017-11-22 00:00:00', 'http://example.com/image16.jpg', 105, 'ANIMATION', NOW(), NOW(), 0, 0),
    (17, '말모이', 'A', '2019-01-09 00:00:00', 'http://example.com/image17.jpg', 135, 'ROMANCE', NOW(), NOW(), 0, 0),
    (18, '타이타닉', 'S', '1997-12-19 00:00:00', 'http://example.com/image18.jpg', 195, 'ROMANCE', NOW(), NOW(), 0, 0),
    (19, '터미네이터 2', 'A', '1991-07-03 00:00:00', 'http://example.com/image19.jpg', 137, 'ACTION', NOW(), NOW(), 0, 0),
    (20, '스파이더맨: 파 프롬 홈', 'C', '2019-07-02 00:00:00', 'http://example.com/image20.jpg', 129, 'ACTION', NOW(), NOW(), 0, 0),
    (21, '킹스맨: 시크릿 에이전트', 'B', '2015-02-11 00:00:00', 'http://example.com/image21.jpg', 129, 'ACTION', NOW(), NOW(), 0, 0),
    (22, '너의 이름은', 'A', '2016-08-26 00:00:00', 'http://example.com/image22.jpg', 112, 'ANIMATION', NOW(), NOW(), 0, 0),
    (23, '보헤미안 랩소디', 'S', '2018-10-24 00:00:00', 'http://example.com/image23.jpg', 134, 'ROMANCE', NOW(), NOW(), 0, 0),
    (24, '미션 임파서블: 폴아웃', 'A', '2018-07-25 00:00:00', 'http://example.com/image24.jpg', 147, 'ACTION', NOW(), NOW(), 0, 0),
    (25, '겨울왕국', 'C', '2013-11-27 00:00:00', 'http://example.com/image25.jpg', 102, 'ANIMATION', NOW(), NOW(), 0, 0),
    (26, '미녀와 야수', 'B', '2017-03-16 00:00:00', 'http://example.com/image26.jpg', 129, 'ROMANCE', NOW(), NOW(), 0, 0),
    (27, '1917', 'A', '2019-12-25 00:00:00', 'http://example.com/image27.jpg', 119, 'ACTION', NOW(), NOW(), 0, 0),
    (28, '토이스토리 4', 'S', '2019-06-21 00:00:00', 'http://example.com/image28.jpg', 100, 'ANIMATION', NOW(), NOW(), 0, 0),
    (29, '스타워즈: 깨어난 포스', 'C', '2015-12-17 00:00:00', 'http://example.com/image29.jpg', 135, 'FANTASY', NOW(), NOW(), 0, 0),
    (30, '인터스텔라', 'S', '2014-11-05 00:00:00', 'http://example.com/image30.jpg', 169, 'FANTASY', NOW(), NOW(), 0, 0),
    (31, '인셉션', 'S', '2010-07-16 00:00:00', 'http://example.com/image31.jpg', 148, 'FANTASY', NOW(), NOW(), 0, 0),
    (32, '닥터 스트레인지', 'A', '2016-10-25 00:00:00', 'http://example.com/image32.jpg', 115, 'FANTASY', NOW(), NOW(), 0, 0),
    (33, '라푼젤', 'B', '2010-11-24 00:00:00', 'http://example.com/image33.jpg', 100, 'ANIMATION', NOW(), NOW(), 0, 0),
    (34, '가디언즈 오브 갤럭시', 'A', '2014-07-31 00:00:00', 'http://example.com/image34.jpg', 121, 'ACTION', NOW(), NOW(), 0, 0),
    (35, '데드풀', 'C', '2016-02-12 00:00:00', 'http://example.com/image35.jpg', 108, 'COMEDY', NOW(), NOW(), 0, 0),
    (36, '조커', 'S', '2019-10-02 00:00:00', 'http://example.com/image36.jpg', 122, 'COMEDY', NOW(), NOW(), 0, 0),
    (37, '모아나', 'B', '2016-11-23 00:00:00', 'http://example.com/image37.jpg', 107, 'ANIMATION', NOW(), NOW(), 0, 0),
    (38, '아이언맨', 'A', '2008-05-01 00:00:00', 'http://example.com/image38.jpg', 126, 'ACTION', NOW(), NOW(), 0, 0),
    (39, '캡틴 마블', 'B', '2019-03-08 00:00:00', 'http://example.com/image39.jpg', 124, 'ACTION', NOW(), NOW(), 0, 0),
    (40, '매드맥스: 분노의 도로', 'S', '2015-05-15 00:00:00', 'http://example.com/image40.jpg', 120, 'ACTION', NOW(), NOW(), 0, 0),
    (41, '센과 치히로의 행방불명', 'S', '2001-07-20 00:00:00', 'http://example.com/image41.jpg', 125, 'ANIMATION', NOW(), NOW(), 0, 0),
    (42, '울버린', 'A', '2013-07-24 00:00:00', 'http://example.com/image42.jpg', 126, 'ACTION', NOW(), NOW(), 0, 0),
    (43, '쿵푸팬더', 'B', '2008-06-06 00:00:00', 'http://example.com/image43.jpg', 92, 'COMEDY', NOW(), NOW(), 0, 0),
    (44, '타잔', 'C', '1999-06-18 00:00:00', 'http://example.com/image44.jpg', 88, 'ANIMATION', NOW(), NOW(), 0, 0),
    (45, '하울의 움직이는 성', 'A', '2004-11-20 00:00:00', 'http://example.com/image45.jpg', 119, 'FANTASY', NOW(), NOW(), 0, 0),
    (46, '트와일라잇', 'C', '2008-11-21 00:00:00', 'http://example.com/image46.jpg', 122, 'ROMANCE', NOW(), NOW(), 0, 0),
    (47, '트랜스포머', 'A', '2007-07-03 00:00:00', 'http://example.com/image47.jpg', 144, 'ACTION', NOW(), NOW(), 0, 0),
    (48, '엘리멘탈', 'S', '2023-06-16 00:00:00', 'http://example.com/image48.jpg', 109, 'ANIMATION', NOW(), NOW(), 0, 0),
    (49, '샤잠!', 'B', '2019-03-15 00:00:00', 'http://example.com/image49.jpg', 132, 'COMEDY', NOW(), NOW(), 0, 0),
    (50, '수어사이드 스쿼드', 'C', '2016-08-03 00:00:00', 'http://example.com/image50.jpg', 123, 'ACTION', NOW(), NOW(), 0, 0),
    (51, '앤트맨과 와스프', 'A', '2018-07-04 00:00:00', 'http://example.com/image51.jpg', 118, 'ACTION', NOW(), NOW(), 0, 0),
    (52, '몬스터 주식회사', 'S', '2001-11-02 00:00:00', 'http://example.com/image52.jpg', 92, 'ANIMATION', NOW(), NOW(), 0, 0),
    (53, '겨울왕국 2', 'B', '2019-11-21 00:00:00', 'http://example.com/image53.jpg', 103, 'ANIMATION', NOW(), NOW(), 0, 0),
    (54, '가디언즈 오브 갤럭시 Vol. 2', 'C', '2017-05-05 00:00:00', 'http://example.com/image54.jpg', 136, 'ACTION', NOW(), NOW(), 0, 0),
    (55, '토르: 라그나로크', 'A', '2017-11-03 00:00:00', 'http://example.com/image55.jpg', 130, 'ACTION', NOW(), NOW(), 0, 0),
    (56, '업', 'S', '2009-05-29 00:00:00', 'http://example.com/image56.jpg', 96, 'ANIMATION', NOW(), NOW(), 0, 0),
    (57, '라라랜드', 'B', '2016-12-09 00:00:00', 'http://example.com/image57.jpg', 128, 'ROMANCE', NOW(), NOW(), 0, 0),
    (58, '블랙 팬서', 'C', '2018-02-16 00:00:00', 'http://example.com/image58.jpg', 134, 'ACTION', NOW(), NOW(), 0, 0),
    (59, '호빗: 뜻밖의 여정', 'A', '2012-12-13 00:00:00', 'http://example.com/image59.jpg', 169, 'FANTASY', NOW(), NOW(), 0, 0),
    (60, '알라딘', 'S', '2019-05-24 00:00:00', 'http://example.com/image60.jpg', 128, 'FANTASY', NOW(), NOW(), 0, 0),
    (61, '어벤져스: 에이지 오브 울트론', 'B', '2015-05-01 00:00:00', 'http://example.com/image61.jpg', 141, 'ACTION', NOW(), NOW(), 0, 0),
    (62, '캐리비안의 해적: 블랙펄의 저주', 'A', '2003-07-09 00:00:00', 'http://example.com/image62.jpg', 143, 'FANTASY', NOW(), NOW(), 0, 0),
    (63, '데스노트', 'C', '2006-06-17 00:00:00', 'http://example.com/image63.jpg', 126, 'FANTASY', NOW(), NOW(), 0, 0),
    (64, '인크레더블', 'S', '2004-11-05 00:00:00', 'http://example.com/image64.jpg', 115, 'ANIMATION', NOW(), NOW(), 0, 0),
    (65, '스노우 화이트와 헌츠맨', 'B', '2012-06-01 00:00:00', 'http://example.com/image65.jpg', 127, 'FANTASY', NOW(), NOW(), 0, 0),
    (66, '데드풀 2', 'A', '2018-05-18 00:00:00', 'http://example.com/image66.jpg', 119, 'COMEDY', NOW(), NOW(), 0, 0),
    (67, '셜록 홈즈', 'C', '2009-12-25 00:00:00', 'http://example.com/image67.jpg', 128, 'ACTION', NOW(), NOW(), 0, 0),
    (68, '어스', 'A', '2019-03-22 00:00:00', 'http://example.com/image68.jpg', 116, 'HORROR', NOW(), NOW(), 0, 0),
    (69, '월-E', 'S', '2008-06-27 00:00:00', 'http://example.com/image69.jpg', 98, 'ANIMATION', NOW(), NOW(), 0, 0),
    (70, '셜록 놈즈', 'B', '2018-03-23 00:00:00', 'http://example.com/image70.jpg', 86, 'COMEDY', NOW(), NOW(), 0, 0),
    (71, '주토피아', 'S', '2016-03-04 00:00:00', 'http://example.com/image71.jpg', 108, 'ANIMATION', NOW(), NOW(), 0, 0),
    (72, '킹콩', 'A', '2005-12-14 00:00:00', 'http://example.com/image72.jpg', 187, 'FANTASY', NOW(), NOW(), 0, 0),
    (73, '코코', 'C', '2017-11-22 00:00:00', 'http://example.com/image73.jpg', 105, 'ANIMATION', NOW(), NOW(), 0, 0),
    (74, '라이프 오브 파이', 'S', '2012-11-21 00:00:00', 'http://example.com/image74.jpg', 127, 'FANTASY', NOW(), NOW(), 0, 0),
    (75, '스타워즈: 라스트 제다이', 'B', '2017-12-15 00:00:00', 'http://example.com/image75.jpg', 152, 'FANTASY', NOW(), NOW(), 0, 0),
    (76, '그랜드 부다페스트 호텔', 'A', '2014-03-28 00:00:00', 'http://example.com/image76.jpg', 99, 'COMEDY', NOW(), NOW(), 0, 0),
    (77, '애드 아스트라', 'C', '2019-09-20 00:00:00', 'http://example.com/image77.jpg', 124, 'FANTASY', NOW(), NOW(), 0, 0),
    (78, '덩케르크', 'S', '2017-07-21 00:00:00', 'http://example.com/image78.jpg', 106, 'ACTION', NOW(), NOW(), 0, 0),
    (79, '반지의 제왕: 왕의 귀환', 'A', '2003-12-17 00:00:00', 'http://example.com/image79.jpg', 201, 'FANTASY', NOW(), NOW(), 0, 0),
    (80, '슈렉', 'B', '2001-05-18 00:00:00', 'http://example.com/image80.jpg', 90, 'ANIMATION', NOW(), NOW(), 0, 0),
    (81, '헝거게임: 캣칭 파이어', 'A', '2013-11-22 00:00:00', 'http://example.com/image81.jpg', 146, 'ACTION', NOW(), NOW(), 0, 0),
    (82, '알라딘과 마법의 램프', 'C', '1992-11-25 00:00:00', 'http://example.com/image82.jpg', 90, 'FANTASY', NOW(), NOW(), 0, 0),
    (83, '터미네이터', 'S', '1984-10-26 00:00:00', 'http://example.com/image83.jpg', 107, 'ACTION', NOW(), NOW(), 0, 0),
    (84, '분노의 질주', 'A', '2001-06-22 00:00:00', 'http://example.com/image84.jpg', 106, 'ACTION', NOW(), NOW(), 0, 0),
    (85, '배트맨 비긴즈', 'B', '2005-06-15 00:00:00', 'http://example.com/image85.jpg', 140, 'ACTION', NOW(), NOW(), 0, 0),
    (86, '헐크', 'C', '2003-06-20 00:00:00', 'http://example.com/image86.jpg', 138, 'ACTION', NOW(), NOW(), 0, 0),
    (87, '아이, 로봇', 'S', '2004-07-16 00:00:00', 'http://example.com/image87.jpg', 115, 'ACTION', NOW(), NOW(), 0, 0),
    (88, '트랜스포머: 범블비', 'A', '2018-12-21 00:00:00', 'http://example.com/image88.jpg', 113, 'ACTION', NOW(), NOW(), 0, 0),
    (89, '고스트 버스터즈', 'B', '1984-06-08 00:00:00', 'http://example.com/image89.jpg', 105, 'COMEDY', NOW(), NOW(), 0, 0),
    (90, '인터스텔라', 'S', '2014-11-07 00:00:00', 'http://example.com/image90.jpg', 169, 'FANTASY', NOW(), NOW(), 0, 0),
    (91, '라푼젤', 'A', '2010-11-24 00:00:00', 'http://example.com/image91.jpg', 100, 'ANIMATION', NOW(), NOW(), 0, 0),
    (92, '월레스와 그로밋', 'C', '2005-10-05 00:00:00', 'http://example.com/image92.jpg', 85, 'COMEDY', NOW(), NOW(), 0, 0),
    (93, '슈퍼맨 리턴즈', 'S', '2006-06-28 00:00:00', 'http://example.com/image93.jpg', 154, 'ACTION', NOW(), NOW(), 0, 0),
    (94, '아이언 자이언트', 'A', '1999-08-06 00:00:00', 'http://example.com/image94.jpg', 86, 'ANIMATION', NOW(), NOW(), 0, 0),
    (95, '로보캅', 'B', '1987-07-17 00:00:00', 'http://example.com/image95.jpg', 102, 'ACTION', NOW(), NOW(), 0, 0),
    (96, '탑 건', 'C', '1986-05-16 00:00:00', 'http://example.com/image96.jpg', 110, 'ACTION', NOW(), NOW(), 0, 0),
    (97, '토르: 다크 월드', 'S', '2013-11-08 00:00:00', 'http://example.com/image97.jpg', 112, 'ACTION', NOW(), NOW(), 0, 0),
    (98, '미니언즈', 'A', '2015-07-10 00:00:00', 'http://example.com/image98.jpg', 91, 'ANIMATION', NOW(), NOW(), 0, 0),
    (99, '월-E', 'B', '2008-06-27 00:00:00', 'http://example.com/image99.jpg', 98, 'ANIMATION', NOW(), NOW(), 0, 0),
    (100, '배트맨: 다크 나이트', 'S', '2008-07-18 00:00:00', 'http://example.com/image100.jpg', 152, 'ACTION', NOW(), NOW(), 0, 0);


INSERT INTO `movie_theater_info` (`movie_theater_info_id`, `movie_id`, `theater_id`, `created_at`, `updated_at`, `created_author`, `updated_author`)
VALUES
    (1, 1, 1, NOW(), NOW(), 0, 0),
    (2, 2, 1, NOW(), NOW(), 0, 0),
    (3, 3, 1, NOW(), NOW(), 0, 0),
    (4, 4, 1, NOW(), NOW(), 0, 0),
    (5, 5, 1, NOW(), NOW(), 0, 0),
    (6, 6, 1, NOW(), NOW(), 0, 0),
    (7, 7, 1, NOW(), NOW(), 0, 0),
    (8, 8, 1, NOW(), NOW(), 0, 0),
    (9, 9, 1, NOW(), NOW(), 0, 0),
    (10, 10, 1, NOW(), NOW(), 0, 0),
    (11, 11, 1, NOW(), NOW(), 0, 0),
    (12, 12, 1, NOW(), NOW(), 0, 0),
    (13, 13, 1, NOW(), NOW(), 0, 0),
    (14, 14, 1, NOW(), NOW(), 0, 0),
    (15, 15, 1, NOW(), NOW(), 0, 0),
    (16, 16, 1, NOW(), NOW(), 0, 0),
    (17, 17, 1, NOW(), NOW(), 0, 0),
    (18, 18, 1, NOW(), NOW(), 0, 0),
    (19, 19, 1, NOW(), NOW(), 0, 0),
    (20, 20, 1, NOW(), NOW(), 0, 0),
    (21, 21, 1, NOW(), NOW(), 0, 0),
    (22, 22, 1, NOW(), NOW(), 0, 0),
    (23, 23, 1, NOW(), NOW(), 0, 0),
    (24, 24, 1, NOW(), NOW(), 0, 0),
    (25, 25, 1, NOW(), NOW(), 0, 0),
    (26, 26, 1, NOW(), NOW(), 0, 0),
    (27, 27, 1, NOW(), NOW(), 0, 0),
    (28, 28, 1, NOW(), NOW(), 0, 0),
    (29, 29, 1, NOW(), NOW(), 0, 0),
    (30, 30, 1, NOW(), NOW(), 0, 0),
    (31, 31, 1, NOW(), NOW(), 0, 0),
    (32, 32, 1, NOW(), NOW(), 0, 0),
    (33, 33, 1, NOW(), NOW(), 0, 0),
    (34, 34, 1, NOW(), NOW(), 0, 0),
    (35, 35, 1, NOW(), NOW(), 0, 0),
    (36, 36, 1, NOW(), NOW(), 0, 0),
    (37, 37, 1, NOW(), NOW(), 0, 0),
    (38, 38, 1, NOW(), NOW(), 0, 0),
    (39, 39, 1, NOW(), NOW(), 0, 0),
    (40, 40, 1, NOW(), NOW(), 0, 0),
    (41, 41, 1, NOW(), NOW(), 0, 0),
    (42, 42, 1, NOW(), NOW(), 0, 0),
    (43, 43, 1, NOW(), NOW(), 0, 0),
    (44, 44, 1, NOW(), NOW(), 0, 0),
    (45, 45, 1, NOW(), NOW(), 0, 0),
    (46, 46, 1, NOW(), NOW(), 0, 0),
    (47, 47, 1, NOW(), NOW(), 0, 0),
    (48, 48, 1, NOW(), NOW(), 0, 0),
    (49, 49, 1, NOW(), NOW(), 0, 0),
    (50, 50, 1, NOW(), NOW(), 0, 0),
    (51, 51, 1, NOW(), NOW(), 0, 0),
    (52, 52, 1, NOW(), NOW(), 0, 0),
    (53, 53, 1, NOW(), NOW(), 0, 0),
    (54, 54, 1, NOW(), NOW(), 0, 0),
    (55, 55, 1, NOW(), NOW(), 0, 0),
    (56, 56, 1, NOW(), NOW(), 0, 0),
    (57, 57, 1, NOW(), NOW(), 0, 0),
    (58, 58, 1, NOW(), NOW(), 0, 0),
    (59, 59, 1, NOW(), NOW(), 0, 0),
    (60, 60, 1, NOW(), NOW(), 0, 0),
    (61, 61, 1, NOW(), NOW(), 0, 0),
    (62, 62, 1, NOW(), NOW(), 0, 0),
    (63, 63, 1, NOW(), NOW(), 0, 0),
    (64, 64, 1, NOW(), NOW(), 0, 0),
    (65, 65, 1, NOW(), NOW(), 0, 0),
    (66, 66, 1, NOW(), NOW(), 0, 0),
    (67, 67, 1, NOW(), NOW(), 0, 0),
    (68, 68, 1, NOW(), NOW(), 0, 0),
    (69, 69, 1, NOW(), NOW(), 0, 0),
    (70, 70, 1, NOW(), NOW(), 0, 0),
    (71, 71, 1, NOW(), NOW(), 0, 0),
    (72, 72, 1, NOW(), NOW(), 0, 0),
    (73, 73, 1, NOW(), NOW(), 0, 0),
    (74, 74, 1, NOW(), NOW(), 0, 0),
    (75, 75, 1, NOW(), NOW(), 0, 0),
    (76, 76, 1, NOW(), NOW(), 0, 0),
    (77, 77, 1, NOW(), NOW(), 0, 0),
    (78, 78, 1, NOW(), NOW(), 0, 0),
    (79, 79, 1, NOW(), NOW(), 0, 0),
    (80, 80, 1, NOW(), NOW(), 0, 0),
    (81, 81, 1, NOW(), NOW(), 0, 0),
    (82, 82, 1, NOW(), NOW(), 0, 0),
    (83, 83, 1, NOW(), NOW(), 0, 0),
    (84, 84, 1, NOW(), NOW(), 0, 0),
    (85, 85, 1, NOW(), NOW(), 0, 0),
    (86, 86, 1, NOW(), NOW(), 0, 0),
    (87, 87, 1, NOW(), NOW(), 0, 0),
    (88, 88, 1, NOW(), NOW(), 0, 0),
    (89, 89, 1, NOW(), NOW(), 0, 0),
    (90, 90, 1, NOW(), NOW(), 0, 0),
    (91, 91, 1, NOW(), NOW(), 0, 0),
    (92, 92, 1, NOW(), NOW(), 0, 0),
    (93, 93, 1, NOW(), NOW(), 0, 0),
    (94, 94, 1, NOW(), NOW(), 0, 0),
    (95, 95, 1, NOW(), NOW(), 0, 0),
    (96, 96, 1, NOW(), NOW(), 0, 0),
    (97, 97, 1, NOW(), NOW(), 0, 0),
    (98, 98, 1, NOW(), NOW(), 0, 0),
    (99, 99, 1, NOW(), NOW(), 0, 0),
    (100, 100, 1, NOW(), NOW(), 0, 0);


INSERT INTO `schedule` (`schedule_id`, `movie_theater_info_id`, `movie_start_at`, `screen_open_at` , `screen_close_at` , `created_at`, `updated_at`, `created_author`, `updated_author`)
VALUES
    (1, 1, '2025-01-16 10:00:00', '2025-01-16 00:00:00', '2025-01-18 00:00:00', NOW(), NOW(), 0, 0),
    (2, 1, '2025-01-16 12:00:00', '2025-01-16 00:00:00', '2025-01-18 00:00:00',NOW(), NOW(), 0, 0),
    (3, 1, '2025-01-16 14:00:00', '2025-01-16 00:00:00', '2025-01-18 00:00:00',NOW(), NOW(), 0, 0),
    (4, 1, '2025-01-16 16:00:00', '2025-01-16 00:00:00', '2025-01-18 00:00:00',NOW(), NOW(), 0, 0),
    (5, 1, '2025-01-16 18:00:00', '2025-01-16 00:00:00', '2026-01-18 00:00:00',NOW(), NOW(), 0, 0),
    (6, 1, '2025-01-16 20:00:00', '2025-01-16 00:00:00', '2025-01-18 00:00:00',NOW(), NOW(), 0, 0),
    (7, 1, '2025-01-16 22:00:00', '2025-01-16 00:00:00', '2025-01-18 00:00:00',NOW(), NOW(), 0, 0),
    (8, 2, '2025-01-16 10:00:00', '2025-01-16 00:00:00', '2025-01-18 00:00:00',NOW(), NOW(), 0, 0),
    (9, 2, '2025-01-16 12:00:00', '2025-01-16 00:00:00', '2026-01-18 00:00:00', NOW(), NOW(), 0, 0),
    (10, 2, '2025-01-16 14:00:00', '2025-01-16 00:00:00', '2025-01-18 00:00:00',NOW(), NOW(), 0, 0),
    (11, 2, '2025-01-16 16:00:00', '2025-01-16 00:00:00', '2025-01-18 00:00:00',NOW(), NOW(), 0, 0),
    (12, 2, '2025-01-16 18:00:00', '2025-01-16 00:00:00', '2025-01-18 00:00:00',NOW(), NOW(), 0, 0),
    (13, 2, '2025-01-16 20:00:00', '2025-01-16 00:00:00', '2026-01-18 00:00:00',NOW(), NOW(), 0, 0),
    (14, 2, '2025-01-16 22:00:00', '2025-01-16 00:00:00', '2025-01-18 00:00:00',NOW(), NOW(), 0, 0),
    (15, 3, '2025-01-16 10:00:00', '2025-01-16 00:00:00', '2025-01-18 00:00:00',NOW(), NOW(), 0, 0),
    (16, 3, '2025-01-16 12:00:00', '2025-01-16 00:00:00', '2026-01-18 00:00:00',NOW(), NOW(), 0, 0),
    (17, 3, '2025-01-16 14:00:00', '2025-01-16 00:00:00', '2025-01-18 00:00:00',NOW(), NOW(), 0, 0),
    (18, 3, '2025-01-16 16:00:00', '2025-01-16 00:00:00', '2025-01-18 00:00:00',NOW(), NOW(), 0, 0),
    (19, 3, '2025-01-16 18:00:00', '2025-01-16 00:00:00', '2026-01-18 00:00:00',NOW(), NOW(), 0, 0),
    (20, 3, '2025-01-16 20:00:00', '2025-01-16 00:00:00', '2025-01-18 00:00:00',NOW(), NOW(), 0, 0),
    (21, 3, '2025-01-16 22:00:00', '2025-01-16 00:00:00', '2025-01-18 00:00:00',NOW(), NOW(), 0, 0),
    (22, 4, '2025-01-16 10:00:00', '2025-01-16 00:00:00', '2026-01-18 00:00:00',NOW(), NOW(), 0, 0),
    (23, 4, '2025-01-16 12:00:00', '2025-01-16 00:00:00', '2025-01-18 00:00:00',NOW(), NOW(), 0, 0),
    (24, 4, '2025-01-16 14:00:00', '2025-01-16 00:00:00', '2026-01-18 00:00:00',NOW(), NOW(), 0, 0),
    (25, 4, '2025-01-16 16:00:00', '2025-01-16 00:00:00', '2025-01-18 00:00:00',NOW(), NOW(), 0, 0),
    (26, 4, '2025-01-16 18:00:00', '2025-01-16 00:00:00', '2026-01-18 00:00:00',NOW(), NOW(), 0, 0),
    (27, 4, '2025-01-16 20:00:00', '2025-01-16 00:00:00', '2025-01-18 00:00:00',NOW(), NOW(), 0, 0),
    (28, 4, '2025-01-16 22:00:00', '2025-01-16 00:00:00', '2025-01-18 00:00:00',NOW(), NOW(), 0, 0);